{"cameraMode":{"drawMode":0,"name":"Shaded","section":"Shading Mode"},"sceneLighting":true,"audioPlay":false,"sceneViewState":{"m_AlwaysRefresh":false,"showFog":true,"showSkybox":true,"showFlares":true,"showImageEffects":true,"showParticleSystems":true,"showVisualEffectGraphs":true,"m_FxEnabled":true},"in2DMode":false,"pivot":{"x":1587.5767822265625,"y":10.569648742675782,"z":1787.3837890625},"rotation":{"x":-0.6652262210845947,"y":-0.004033704753965139,"z":0.0035941298119723799,"w":-0.7466221451759338},"size":215.83612060546876,"orthographic":false}