{"cameraMode":{"drawMode":0,"name":"Shaded","section":"Shading Mode"},"sceneLighting":true,"audioPlay":false,"sceneViewState":{"m_AlwaysRefresh":false,"showFog":true,"showSkybox":true,"showFlares":true,"showImageEffects":true,"showParticleSystems":true,"showVisualEffectGraphs":true,"m_FxEnabled":true},"in2DMode":false,"pivot":{"x":-40.6010627746582,"y":222.88275146484376,"z":329.0960693359375},"rotation":{"x":0.595183789730072,"y":0.003616099478676915,"z":-0.0026784955989569427,"w":0.8035797476768494},"size":30.998071670532228,"orthographic":false}