{"cameraMode":{"drawMode":0,"name":"Shaded","section":"Shading Mode"},"sceneLighting":true,"audioPlay":false,"sceneViewState":{"m_AlwaysRefresh":false,"showFog":true,"showSkybox":true,"showFlares":true,"showImageEffects":true,"showParticleSystems":true,"showVisualEffectGraphs":true,"m_FxEnabled":true},"in2DMode":false,"pivot":{"x":269.6637878417969,"y":29.927818298339845,"z":146.05662536621095},"rotation":{"x":-0.4856334626674652,"y":0.025157516822218896,"z":-0.013976589776575566,"w":-0.8737045526504517},"size":182.37518310546876,"orthographic":true}