{"cameraMode":{"drawMode":0,"name":"Shaded","section":"Shading Mode"},"sceneLighting":true,"audioPlay":false,"sceneViewState":{"m_AlwaysRefresh":false,"showFog":true,"showSkybox":true,"showFlares":true,"showImageEffects":true,"showParticleSystems":true,"showVisualEffectGraphs":true,"m_FxEnabled":true},"in2DMode":false,"pivot":{"x":4.999999523162842,"y":3.5251269340515138,"z":0.0000010728836059570313},"rotation":{"x":-0.21943101286888123,"y":-0.28988438844680788,"z":0.06838754564523697,"w":-0.9291252493858337},"size":3.907135009765625,"orthographic":false}