{"cameraMode":{"drawMode":0,"name":"Shaded","section":"Shading Mode"},"sceneLighting":true,"audioPlay":false,"sceneViewState":{"m_AlwaysRefresh":false,"showFog":true,"showSkybox":true,"showFlares":true,"showImageEffects":true,"showParticleSystems":true,"showVisualEffectGraphs":true,"m_FxEnabled":true},"in2DMode":false,"pivot":{"x":-236.38113403320313,"y":0.005000000353902578,"z":-103.39506530761719},"rotation":{"x":-0.1947551667690277,"y":-0.5088432431221008,"z":0.11927317082881928,"w":-0.8300726413726807},"size":0.8660253882408142,"orthographic":false}