{"cameraMode":{"drawMode":0,"name":"Shaded","section":"Shading Mode"},"sceneLighting":true,"audioPlay":false,"sceneViewState":{"m_AlwaysRefresh":false,"showFog":true,"showSkybox":true,"showFlares":true,"showImageEffects":true,"showParticleSystems":true,"showVisualEffectGraphs":true,"m_FxEnabled":true},"in2DMode":false,"pivot":{"x":-106.38272094726563,"y":-2.079437255859375,"z":-84.43638610839844},"rotation":{"x":-0.6573643088340759,"y":-0.0031650702003389599,"z":0.0027859886176884176,"w":-0.7535824179649353},"size":698.6943969726563,"orthographic":true}