{"cameraMode":{"drawMode":0,"name":"Shaded","section":"Shading Mode"},"sceneLighting":true,"audioPlay":false,"sceneViewState":{"m_AlwaysRefresh":false,"showFog":true,"showSkybox":true,"showFlares":true,"showImageEffects":true,"showParticleSystems":true,"showVisualEffectGraphs":true,"m_FxEnabled":true},"in2DMode":false,"pivot":{"x":-0.43489503860473635,"y":6.0149359703063969,"z":23.797027587890626},"rotation":{"x":-0.13055579364299775,"y":-0.5655171871185303,"z":0.09114470332860947,"w":-0.8092694878578186},"size":4.45667839050293,"orthographic":false}