{"cameraMode":{"drawMode":0,"name":"Shaded","section":"Shading Mode"},"sceneLighting":true,"audioPlay":false,"sceneViewState":{"m_AlwaysRefresh":false,"showFog":true,"showSkybox":true,"showFlares":true,"showImageEffects":true,"showParticleSystems":true,"showVisualEffectGraphs":true,"m_FxEnabled":true},"in2DMode":false,"pivot":{"x":-0.10220539569854737,"y":3.870241641998291,"z":-1.7785096168518067},"rotation":{"x":-0.4856334626674652,"y":0.025157516822218896,"z":-0.013976589776575566,"w":-0.8737045526504517},"size":8.87137222290039,"orthographic":true}