{"cameraMode":{"drawMode":0,"name":"Shaded","section":"Shading Mode"},"sceneLighting":true,"audioPlay":false,"sceneViewState":{"m_AlwaysRefresh":false,"showFog":true,"showSkybox":true,"showFlares":true,"showImageEffects":true,"showParticleSystems":true,"showVisualEffectGraphs":true,"m_FxEnabled":true},"in2DMode":false,"pivot":{"x":-0.5270439386367798,"y":2.67653751373291,"z":-0.45566320419311526},"rotation":{"x":-0.08927864581346512,"y":0.0050722029991447929,"z":-0.0004514394386205822,"w":-0.9960043430328369},"size":12.461819648742676,"orthographic":false}