{"cameraMode":{"drawMode":0,"name":"Shaded","section":"Shading Mode"},"sceneLighting":false,"audioPlay":false,"sceneViewState":{"m_AlwaysRefresh":false,"showFog":true,"showSkybox":false,"showFlares":true,"showImageEffects":true,"showParticleSystems":true,"showVisualEffectGraphs":true,"m_FxEnabled":true},"in2DMode":false,"pivot":{"x":-0.31912142038345339,"y":3.831587314605713,"z":-6.264706134796143},"rotation":{"x":-0.02326050214469433,"y":-0.11016109585762024,"z":0.0025188287254422905,"w":-0.9936875104904175},"size":3.1079351902008058,"orthographic":false}