{"cameraMode":{"drawMode":0,"name":"Shaded","section":"Shading Mode"},"sceneLighting":false,"audioPlay":false,"sceneViewState":{"m_AlwaysRefresh":false,"showFog":true,"showSkybox":false,"showFlares":true,"showImageEffects":true,"showParticleSystems":true,"showVisualEffectGraphs":true,"m_FxEnabled":true},"in2DMode":false,"pivot":{"x":0.027162671089172365,"y":0.986241340637207,"z":0.036304771900177},"rotation":{"x":-0.09463604539632797,"y":-0.26776567101478579,"z":0.026375582441687585,"w":-0.9585009217262268},"size":4.15850305557251,"orthographic":false}