{"cameraMode":{"drawMode":0,"name":"Shaded","section":"Shading Mode"},"sceneLighting":false,"audioPlay":false,"sceneViewState":{"m_AlwaysRefresh":false,"showFog":true,"showSkybox":false,"showFlares":true,"showImageEffects":true,"showParticleSystems":true,"showVisualEffectGraphs":true,"m_FxEnabled":true},"in2DMode":false,"pivot":{"x":-6.482988357543945,"y":0.09000003337860108,"z":-16.09490203857422},"rotation":{"x":0.3007056713104248,"y":-0.005102690774947405,"z":0.0016631486359983683,"w":0.9538291692733765},"size":3.8112547397613527,"orthographic":false}