{"cameraMode":{"drawMode":0,"name":"Shaded","section":"Shading Mode"},"sceneLighting":false,"audioPlay":false,"sceneViewState":{"m_AlwaysRefresh":false,"showFog":true,"showSkybox":false,"showFlares":true,"showImageEffects":true,"showParticleSystems":true,"showVisualEffectGraphs":true,"m_FxEnabled":true},"in2DMode":false,"pivot":{"x":-0.5491528511047363,"y":2.5751290321350099,"z":-20.147441864013673},"rotation":{"x":0.3007056713104248,"y":-0.005102690774947405,"z":0.0016631486359983683,"w":0.9538291692733765},"size":4.484253883361816,"orthographic":false}