{"cameraMode":{"drawMode":0,"name":"Shaded","section":"Shading Mode"},"sceneLighting":false,"audioPlay":false,"sceneViewState":{"m_AlwaysRefresh":false,"showFog":true,"showSkybox":false,"showFlares":true,"showImageEffects":true,"showParticleSystems":true,"showVisualEffectGraphs":true,"m_FxEnabled":true},"in2DMode":false,"pivot":{"x":-6.041698455810547,"y":2.4894371032714845,"z":-46.9578857421875},"rotation":{"x":0.06385902315378189,"y":0.014115536585450173,"z":-0.0007580681703984737,"w":0.9979755282402039},"size":9.590324401855469,"orthographic":false}