{"cameraMode":{"drawMode":0,"name":"Shaded","section":"Shading Mode"},"sceneLighting":false,"audioPlay":false,"sceneViewState":{"m_AlwaysRefresh":false,"showFog":true,"showSkybox":false,"showFlares":true,"showImageEffects":true,"showParticleSystems":true,"showVisualEffectGraphs":true,"m_FxEnabled":true},"in2DMode":false,"pivot":{"x":-1.1466952562332154,"y":2.2746782302856447,"z":-46.58971405029297},"rotation":{"x":-0.03338642418384552,"y":-0.9666022658348084,"z":0.18129658699035645,"w":-0.17828918993473054},"size":12.465319633483887,"orthographic":false}