{"cameraMode":{"drawMode":0,"name":"Shaded","section":"Shading Mode"},"sceneLighting":false,"audioPlay":false,"sceneViewState":{"m_AlwaysRefresh":false,"showFog":true,"showSkybox":false,"showFlares":true,"showImageEffects":true,"showParticleSystems":true,"showVisualEffectGraphs":true,"m_FxEnabled":true},"in2DMode":false,"pivot":{"x":-1.1466952562332154,"y":2.2746782302856447,"z":-46.58971405029297},"rotation":{"x":0.018747707828879358,"y":-0.9801586866378784,"z":0.11461561173200607,"w":0.16081111133098603},"size":12.465319633483887,"orthographic":false}