{"cameraMode":{"drawMode":0,"name":"Shaded","section":"Shading Mode"},"sceneLighting":false,"audioPlay":false,"sceneViewState":{"m_AlwaysRefresh":false,"showFog":true,"showSkybox":false,"showFlares":true,"showImageEffects":true,"showParticleSystems":true,"showVisualEffectGraphs":true,"m_FxEnabled":true},"in2DMode":false,"pivot":{"x":-0.06357073783874512,"y":0.8124020099639893,"z":0.03133726119995117},"rotation":{"x":-0.09463604539632797,"y":-0.26776567101478579,"z":0.026375582441687585,"w":-0.9585009217262268},"size":3.583345651626587,"orthographic":false}