{"cameraMode":{"drawMode":0,"name":"Shaded","section":"Shading Mode"},"sceneLighting":false,"audioPlay":false,"sceneViewState":{"m_AlwaysRefresh":false,"showFog":true,"showSkybox":false,"showFlares":true,"showImageEffects":true,"showParticleSystems":true,"showVisualEffectGraphs":true,"m_FxEnabled":true},"in2DMode":false,"pivot":{"x":-7.466684341430664,"y":2.000877857208252,"z":-55.51935577392578},"rotation":{"x":-0.0022824795451015236,"y":0.7451483011245728,"z":0.0027898892294615509,"w":0.6670646667480469},"size":5.713340759277344,"orthographic":false}