{"cameraMode":{"drawMode":0,"name":"Shaded","section":"Shading Mode"},"sceneLighting":false,"audioPlay":false,"sceneViewState":{"m_AlwaysRefresh":false,"showFog":true,"showSkybox":false,"showFlares":true,"showImageEffects":true,"showParticleSystems":true,"showVisualEffectGraphs":true,"m_FxEnabled":true},"in2DMode":false,"pivot":{"x":-0.1560126543045044,"y":0.4113069772720337,"z":-0.07175850868225098},"rotation":{"x":-0.23986004292964936,"y":-0.1544763147830963,"z":0.03862665966153145,"w":-0.9576963186264038},"size":0.8660253882408142,"orthographic":false}