{"cameraMode":{"drawMode":0,"name":"Shaded","section":"Shading Mode"},"sceneLighting":false,"audioPlay":false,"sceneViewState":{"m_AlwaysRefresh":false,"showFog":true,"showSkybox":false,"showFlares":true,"showImageEffects":true,"showParticleSystems":true,"showVisualEffectGraphs":true,"m_FxEnabled":true},"in2DMode":false,"pivot":{"x":-0.015158385038375855,"y":0.23559218645095826,"z":-0.019029855728149415},"rotation":{"x":-0.355325311422348,"y":-0.20589995384216309,"z":0.08048954606056214,"w":-0.9082618951797485},"size":1.0344079732894898,"orthographic":false}