{"cameraMode":{"drawMode":0,"name":"Shaded","section":"Shading Mode"},"sceneLighting":false,"audioPlay":false,"sceneViewState":{"m_AlwaysRefresh":false,"showFog":true,"showSkybox":false,"showFlares":true,"showImageEffects":true,"showParticleSystems":true,"showVisualEffectGraphs":true,"m_FxEnabled":true},"in2DMode":false,"pivot":{"x":0.24667653441429139,"y":1.4320045709609986,"z":-0.624059796333313},"rotation":{"x":0.08930759131908417,"y":-0.8519166707992554,"z":0.1544908881187439,"w":0.49243754148483279},"size":3.370875358581543,"orthographic":false}