{"cameraMode":{"drawMode":0,"name":"Shaded","section":"Shading Mode"},"sceneLighting":false,"audioPlay":false,"sceneViewState":{"m_AlwaysRefresh":false,"showFog":true,"showSkybox":false,"showFlares":true,"showImageEffects":true,"showParticleSystems":true,"showVisualEffectGraphs":true,"m_FxEnabled":true},"in2DMode":false,"pivot":{"x":0.24667653441429139,"y":1.4320045709609986,"z":-0.624059796333313},"rotation":{"x":0.015770528465509416,"y":-0.9823246002197266,"z":0.09697092324495316,"w":0.1596481055021286},"size":3.370875358581543,"orthographic":false}