{"count":1,"self":312.40483839999996,"total":774.4103907,"children":{"InitializeActuators":{"count":18,"self":0.0020044999999999998,"total":0.0020044999999999998,"children":null},"InitializeSensors":{"count":18,"self":0.0009964,"total":0.0009964,"children":null},"AgentSendState":{"count":302184,"self":1.3316253999999998,"total":169.9600764,"children":{"CollectObservations":{"count":1087866,"self":51.6267712,"total":51.6267712,"children":null},"WriteActionMask":{"count":1087866,"self":0.1828165,"total":0.1828165,"children":null},"RequestDecision":{"count":1087866,"self":1.2023367999999999,"total":116.81886329999999,"children":{"AgentInfo.ToProto":{"count":1087866,"self":1.0169805,"total":115.61652649999999,"children":{"GenerateSensorData":{"count":1087866,"self":114.59955199999999,"total":114.59954599999999,"children":null}}}}}}},"DecideAction":{"count":302184,"self":286.7814656,"total":286.7814545,"children":null},"AgentAct":{"count":302184,"self":3.8828655999999997,"total":3.8828655999999997,"children":null},"AgentInfo.ToProto":{"count":8494,"self":0.014621499999999999,"total":1.3771632999999999,"children":{"GenerateSensorData":{"count":8494,"self":1.3625418,"total":1.3625418,"children":null}}}},"gauges":{"PlayerAgent.CumulativeReward":{"count":8494,"max":227.191116,"min":8.719089,"runningAverage":18.4921379,"value":17.0981369,"weightedAverage":16.53189}},"metadata":{"timer_format_version":"0.1.0","start_time_seconds":"1747738090","unity_version":"2022.2.21f1","command_line_arguments":"C:\\Program Files\\Unity\\Hub\\Editor\\2022.2.21f1\\Editor\\Unity.exe -projectpath C:\\Users\\sky06\\Git\\player_Slayer\\last_project\\finalProject -useHub -hubIPC -cloudEnvironment production -licensingIpc LicenseClient-sky06 -hubSessionId e1097a57-2eb2-4b04-9c77-f160cb58a918 -accessToken WPug2YvbngTBgW_KZPMpP38mBkkUgUINT2_YMfNAolM00df","communication_protocol_version":"1.5.0","com.unity.ml-agents_version":"2.0.1","scene_name":"RL","end_time_seconds":"1747738865"}}