{"count":1,"self":1447.9771647999999,"total":3953.2405578999997,"children":{"InitializeActuators":{"count":9,"self":0.0010003,"total":0.0010003,"children":null},"InitializeSensors":{"count":9,"self":0.0010007,"total":0.0010007,"children":null},"AgentSendState":{"count":2778301,"self":6.1819831999999995,"total":620.1442926,"children":{"CollectObservations":{"count":5000949,"self":99.060345599999991,"total":99.0603435,"children":null},"WriteActionMask":{"count":5000949,"self":0.9373488,"total":0.9373488,"children":null},"RequestDecision":{"count":5000949,"self":5.6044164,"total":513.96461709999994,"children":{"AgentInfo.ToProto":{"count":5000949,"self":4.5034048,"total":508.36020069999995,"children":{"GenerateSensorData":{"count":5000949,"self":503.8567936,"total":503.856796,"children":null}}}}}}},"DecideAction":{"count":2778301,"self":1864.4883456,"total":1864.4884468999999,"children":null},"AgentAct":{"count":2778301,"self":18.0444592,"total":18.044459,"children":null},"AgentInfo.ToProto":{"count":17892,"self":0.0224969,"total":2.5841499999999997,"children":{"GenerateSensorData":{"count":17892,"self":2.5616532,"total":2.5616531,"children":null}}}},"gauges":{"PlayerAgent.CumulativeReward":{"count":17892,"max":156.904282,"min":82.69559,"runningAverage":120.013451,"value":114.79882,"weightedAverage":117.475357}},"metadata":{"timer_format_version":"0.1.0","start_time_seconds":"1747647234","unity_version":"2022.2.21f1","command_line_arguments":"C:\\Program Files\\Unity\\Hub\\Editor\\2022.2.21f1\\Editor\\Unity.exe -projectpath C:\\Users\\sky06\\Git\\player_Slayer\\last_project\\finalProject -useHub -hubIPC -cloudEnvironment production -licensingIpc LicenseClient-sky06 -hubSessionId 87ae0baf-8837-486a-98b1-e0c7e1c6d13c -accessToken 1z-ek4agFaUdCeMcOeoAnzfOzf2y-cJBts87OxCJ4XI00df","communication_protocol_version":"1.5.0","com.unity.ml-agents_version":"2.0.1","scene_name":"RL","end_time_seconds":"1747651188"}}