{"count":1,"self":194.7601152,"total":490.01006759999996,"children":{"InitializeActuators":{"count":18,"self":0.0030066999999999997,"total":0.0030066999999999997,"children":null},"InitializeSensors":{"count":18,"self":0.00099969999999999985,"total":0.00099969999999999985,"children":null},"AgentSendState":{"count":179234,"self":0.87387779999999993,"total":111.7850964,"children":{"CollectObservations":{"count":645246,"self":40.011126399999995,"total":40.0111261,"children":null},"WriteActionMask":{"count":645246,"self":0.1091943,"total":0.1091943,"children":null},"RequestDecision":{"count":645246,"self":0.72636119999999993,"total":70.7908982,"children":{"AgentInfo.ToProto":{"count":645246,"self":0.7388559,"total":70.064537,"children":{"GenerateSensorData":{"count":645246,"self":69.3256832,"total":69.3256811,"children":null}}}}}}},"DecideAction":{"count":179234,"self":180.4860416,"total":180.4860371,"children":null},"AgentAct":{"count":179234,"self":2.318822,"total":2.318822,"children":null},"AgentInfo.ToProto":{"count":3516,"self":0.0030017999999999998,"total":0.65599089999999993,"children":{"GenerateSensorData":{"count":3516,"self":0.6529891,"total":0.6529891,"children":null}}}},"gauges":{"PlayerAgent.CumulativeReward":{"count":3516,"max":242.994812,"min":-9.223925,"runningAverage":11.0368013,"value":1.37390065,"weightedAverage":2.75287533}},"metadata":{"timer_format_version":"0.1.0","start_time_seconds":"1747837913","unity_version":"2022.2.21f1","command_line_arguments":"C:\\Program Files\\Unity\\Hub\\Editor\\2022.2.21f1\\Editor\\Unity.exe -projectpath C:\\Users\\sky06\\Git\\player_Slayer\\last_project\\finalProject -useHub -hubIPC -cloudEnvironment production -licensingIpc LicenseClient-sky06 -hubSessionId 557b2617-700e-455e-84b6-b1e4e146e68b -accessToken org2D7w0a7uys6enZOCBv59DfkdmZ6tmQHPlSLI_-9A00df","communication_protocol_version":"1.5.0","com.unity.ml-agents_version":"2.0.1","scene_name":"RL","end_time_seconds":"1747838403"}}