{"count":1,"self":1761.5173631999999,"total":4377.6300094,"children":{"InitializeActuators":{"count":18,"self":0.0015121,"total":0.0015121,"children":null},"InitializeSensors":{"count":18,"self":0.0010002,"total":0.0010002,"children":null},"AgentSendState":{"count":2075934,"self":6.922776,"total":60.305834399999995,"children":{"CollectObservations":{"count":7473366,"self":24.9766144,"total":24.9766139,"children":null},"WriteActionMask":{"count":7473366,"self":0.95238249999999991,"total":0.95238249999999991,"children":null},"RequestDecision":{"count":7473366,"self":6.8113703999999995,"total":27.454061799999998,"children":{"AgentInfo.ToProto":{"count":7473366,"self":4.8914203999999994,"total":20.6426911,"children":{"GenerateSensorData":{"count":7473366,"self":15.7512704,"total":15.7512706,"children":null}}}}}}},"DecideAction":{"count":2075934,"self":2527.4449919999997,"total":2527.4450115,"children":null},"AgentAct":{"count":2075934,"self":27.826323199999997,"total":27.8263242,"children":null},"AgentInfo.ToProto":{"count":96756,"self":0.18117319999999998,"total":0.5329994,"children":{"GenerateSensorData":{"count":96756,"self":0.3518262,"total":0.3518262,"children":null}}}},"gauges":{"PlayerAgent.CumulativeReward":{"count":96756,"max":22.0010834,"min":-35.2585449,"runningAverage":-19.4556541,"value":-20.6261826,"weightedAverage":-19.6719437}},"metadata":{"timer_format_version":"0.1.0","start_time_seconds":"1748249941","unity_version":"2022.2.21f1","command_line_arguments":"C:\\Program Files\\Unity\\Hub\\Editor\\2022.2.21f1\\Editor\\Unity.exe -projectpath C:\\Users\\sky06\\Git\\player_Slayer\\last_project\\finalProject -useHub -hubIPC -cloudEnvironment production -licensingIpc LicenseClient-sky06 -hubSessionId 557b2617-700e-455e-84b6-b1e4e146e68b -accessToken NV9Cp5_mKpLl3Nco89OTnSKvBR87QHPNcY--5dwRbdY00df","communication_protocol_version":"1.5.0","com.unity.ml-agents_version":"2.0.1","scene_name":"RL","end_time_seconds":"1748254318"}}