{"count":1,"self":1871.903744,"total":4447.2990733999995,"children":{"InitializeActuators":{"count":18,"self":0.0025038,"total":0.0025038,"children":null},"InitializeSensors":{"count":18,"self":0,"total":0,"children":null},"AgentSendState":{"count":2053701,"self":7.081928,"total":68.8990683,"children":{"CollectObservations":{"count":7393338,"self":32.331286399999996,"total":32.3312868,"children":null},"WriteActionMask":{"count":7393338,"self":0.987309,"total":0.987309,"children":null},"RequestDecision":{"count":7393338,"self":6.9381312,"total":28.498544499999998,"children":{"AgentInfo.ToProto":{"count":7393338,"self":5.0922551999999994,"total":21.5604132,"children":{"GenerateSensorData":{"count":7393338,"self":16.4681584,"total":16.468157899999998,"children":null}}}}}}},"DecideAction":{"count":2053701,"self":2478.7079168,"total":2478.7078893,"children":null},"AgentAct":{"count":2053701,"self":27.5228064,"total":27.5228058,"children":null},"AgentInfo.ToProto":{"count":33526,"self":0.08235569999999999,"total":0.2630889,"children":{"GenerateSensorData":{"count":33526,"self":0.18073319999999998,"total":0.18073319999999998,"children":null}}}},"gauges":{"PlayerAgent.CumulativeReward":{"count":33526,"max":46.3252831,"min":-18.1306038,"runningAverage":0.8132472,"value":-10.1289063,"weightedAverage":23.8976326}},"metadata":{"timer_format_version":"0.1.0","start_time_seconds":"1748346525","unity_version":"2022.2.21f1","command_line_arguments":"C:\\Program Files\\Unity\\Hub\\Editor\\2022.2.21f1\\Editor\\Unity.exe -projectpath C:\\Users\\sky06\\Git\\player_Slayer\\last_project\\finalProject -useHub -hubIPC -cloudEnvironment production -licensingIpc LicenseClient-sky06 -hubSessionId 29431838-16fc-4cf7-b626-34d2703e2533 -accessToken Uw1UdKH8Pk5imYPuEymkUiLDQpm01oGSViFPAnwoQ4Y00df","communication_protocol_version":"1.5.0","com.unity.ml-agents_version":"2.0.1","scene_name":"RL","end_time_seconds":"1748350972"}}