{"count":1,"self":403.56144639999997,"total":1087.0941619,"children":{"InitializeActuators":{"count":9,"self":0.0009991,"total":0.0009991,"children":null},"InitializeSensors":{"count":9,"self":0.0010322999999999999,"total":0.0010322999999999999,"children":null},"AgentSendState":{"count":555951,"self":1.2703643999999998,"total":180.2032974,"children":{"CollectObservations":{"count":1000719,"self":74.3185024,"total":74.3185041,"children":null},"WriteActionMask":{"count":1000719,"self":0.17828349999999998,"total":0.17828349999999998,"children":null},"RequestDecision":{"count":1000719,"self":1.1591817,"total":104.4361454,"children":{"AgentInfo.ToProto":{"count":1000719,"self":0.9594919,"total":103.2769637,"children":{"GenerateSensorData":{"count":1000719,"self":102.317472,"total":102.31747179999999,"children":null}}}}}}},"DecideAction":{"count":555951,"self":498.71656959999996,"total":498.71654889999996,"children":null},"AgentAct":{"count":555951,"self":3.8668516,"total":4.5784097,"children":{"AgentInfo.ToProto":{"count":4883,"self":0.0052406,"total":0.71155799999999991,"children":{"GenerateSensorData":{"count":4883,"self":0.7063174,"total":0.7063174,"children":null}}}}},"AgentInfo.ToProto":{"count":175,"self":0,"total":0.0314192,"children":{"GenerateSensorData":{"count":175,"self":0.0314192,"total":0.0314192,"children":null}}}},"gauges":{"PlayerAgent.CumulativeReward":{"count":5058,"max":-32.1714554,"min":-477.045746,"runningAverage":-100.157013,"value":-63.9741058,"weightedAverage":-76.34018}},"metadata":{"timer_format_version":"0.1.0","start_time_seconds":"1747215414","unity_version":"2022.2.21f1","command_line_arguments":"C:\\Program Files\\Unity\\Hub\\Editor\\2022.2.21f1\\Editor\\Unity.exe -projectpath C:\\Users\\sky06\\Git\\player_Slayer\\last_project\\finalProject -useHub -hubIPC -cloudEnvironment production -licensingIpc LicenseClient-sky06 -hubSessionId c17f558b-8b46-4467-9e61-770ae22ed2b1 -accessToken 2KTEMLPMFsg_-Q8wZT9zKweew9IWrO4dyWhpmMvA5PA00df","communication_protocol_version":"1.5.0","com.unity.ml-agents_version":"2.0.1","scene_name":"RL","end_time_seconds":"1747216501"}}