{"count":1,"self":437.8487808,"total":1188.3658347,"children":{"InitializeActuators":{"count":9,"self":0.0009989,"total":0.0009989,"children":null},"InitializeSensors":{"count":9,"self":0.0010003,"total":0.0010003,"children":null},"AgentSendState":{"count":555801,"self":1.3034557999999998,"total":203.8870823,"children":{"CollectObservations":{"count":1000449,"self":88.9951936,"total":88.995195799999991,"children":null},"WriteActionMask":{"count":1000449,"self":0.2097387,"total":0.2097387,"children":null},"RequestDecision":{"count":1000449,"self":1.1730547,"total":113.378692,"children":{"AgentInfo.ToProto":{"count":1000449,"self":1.1698743999999999,"total":112.20563729999999,"children":{"GenerateSensorData":{"count":1000449,"self":111.03576319999999,"total":111.0357629,"children":null}}}}}}},"DecideAction":{"count":555801,"self":541.45807359999992,"total":541.45809009999994,"children":null},"AgentAct":{"count":555801,"self":4.2786328,"total":4.9449488,"children":{"AgentInfo.ToProto":{"count":4008,"self":0.011817099999999999,"total":0.6663161,"children":{"GenerateSensorData":{"count":4008,"self":0.65449899999999994,"total":0.65449899999999994,"children":null}}}}},"AgentInfo.ToProto":{"count":1073,"self":0.0025198,"total":0.2249477,"children":{"GenerateSensorData":{"count":1073,"self":0.22242789999999998,"total":0.22242789999999998,"children":null}}}},"gauges":{"PlayerAgent.CumulativeReward":{"count":5081,"max":-10.5140562,"min":-214.250381,"runningAverage":-78.90585,"value":-69.02687,"weightedAverage":-70.2644043}},"metadata":{"timer_format_version":"0.1.0","start_time_seconds":"1747298955","unity_version":"2022.2.21f1","command_line_arguments":"C:\\Program Files\\Unity\\Hub\\Editor\\2022.2.21f1\\Editor\\Unity.exe -projectpath C:\\Users\\sky06\\Git\\player_Slayer\\last_project\\finalProject -useHub -hubIPC -cloudEnvironment production -licensingIpc LicenseClient-sky06 -hubSessionId c67c5650-0a42-4a3e-be68-23bf454f77d7 -accessToken zK_We7L8ugg-QuIiaeGAT1JcEjSXh8o20totSHA9DqU00df","communication_protocol_version":"1.5.0","com.unity.ml-agents_version":"2.0.1","scene_name":"RL","end_time_seconds":"1747300144"}}